{"icon":{"sha256":"700764c8aabbfaddbe8ce2e26c8b35c4544cc9ce2614f1a96d2ee77f08158c8b","updateTime":"2024-05-11T03:41:52+0000","url":""},"updateTime":"2024-05-11T03:41:52+0000","content":[{"productRegion":"TIPS_ALN_DOMESTIC","os":"HarmonyOSOH2.0","sha256":"706889581659b6d574e34acd796e4138d7b114b96b0ed0bb0d7c02e96a963e69","relativePath":"TIPS_ALN_DOMESTIC/HARMONYOSOH2.0/all/base00","num":8,"name":"base00","weight":999,"updateTime":"2024-05-11T03:41:52+0000","lang":"all","docVersion":"all","url":""}]}