{"detail":[{"productRegion":"TIPS_ALN_DOMESTIC","image":"image/TIPS_3.webp","os":"HarmonyOSOH2.0","icon":"icon/icon_TIPS_3.jpg","description":"HarmonyOS 升级后，有什么新玩法？","updateTime":"2024-05-11T03:41:52+0000","title":"第四期Beta功能快讯","funNum":"SF-10044789_f301","playerType":0,"packageName":"base00","lang":"zh-cn","docVersion":"all"},{"productRegion":"TIPS_ALN_DOMESTIC","image":"image/Getting_Started.webp","os":"HarmonyOSOH2.0","icon":"icon/icon_Getting_Started.jpg","description":"实况窗、隐私中心，更多玩法~","updateTime":"2024-05-11T03:41:52+0000","title":"第三期Beta功能快讯","funNum":"SF-00000002_f388","playerType":0,"packageName":"base00","lang":"zh-cn","docVersion":"all"},{"productRegion":"TIPS_ALN_DOMESTIC","image":"image/Personal_Settings.webp","os":"HarmonyOSOH2.0","icon":"icon/icon_Personal_Settings.jpg","description":"小艺建议、智慧多窗、图库，更多玩法~","updateTime":"2024-05-11T03:41:52+0000","title":"第二期Beta功能快讯","funNum":"SF-00000002_f340","playerType":0,"packageName":"base00","lang":"zh-cn","docVersion":"all"},{"productRegion":"TIPS_ALN_DOMESTIC","image":"image/Smart_Life.webp","os":"HarmonyOSOH2.0","icon":"icon/icon_Smart_Life.jpg","description":"播控中心、畅连、备忘录，更多玩法~","updateTime":"2024-05-11T03:41:52+0000","title":"第一期Beta功能快讯","funNum":"SF-00000002_f339","playerType":0,"packageName":"base00","lang":"zh-cn","docVersion":"all"}]}